<?xml version="1.0" encoding="UTF-8"?>
<project-private xmlns="http://www.netbeans.org/ns/project-private/1">
    <editor-bookmarks xmlns="http://www.netbeans.org/ns/editor-bookmarks/2" lastBookmarkId="0"/>
    <open-files xmlns="http://www.netbeans.org/ns/projectui-open-files/2">
        <group>
            <file>file:/C:/gcExercises/ExercisePoint3D/exPoint3D/src/point3d/PointDriver.java</file>
            <file>file:/C:/gcExercises/ExercisePoint3D/exPoint3D/src/point3d/Point3D.java</file>
            <file>file:/C:/gcExercises/ExercisePoint3D/exPoint3D/src/point3d/Point.java</file>
        </group>
    </open-files>
</project-private>
